1,31.8925019,118.8171577,3,0.06699218750000001,270
2,31.8925019,118.8171577,3,0.06699218750000001,270
3,31.8925019,118.8171577,3,0.06699218750000001,-95.577966
4,31.8925019,118.8171577,3,0.06699218750000001,-95.577966
5,118.81716019999999,31.89250179999999,3,0.06699218750000001,-95.577966
6,118.81716019999999,31.89250179999999,0.00721620863857485,0.06699218750000001,-95.577966
7,118.81716019999999,31.89250179999999,0.00721620863857485,0.06699218750000001,-95.577966
8,118.81716019999999,31.89250179999999,0.00721620863857485,0.06699218750000001,-95.577966
9,118.81716019999999,31.89250179999999,0.00721620863857485,0.07297363281250001,-95.577966
10,118.81716019999999,31.89250179999999,0.00721620863857485,0.07297363281250001,-95.577966
11,118.81716019999999,31.89250179999999,0.00721620863857485,0.07297363281250001,-95.577966
12,118.81716019999999,31.89250179999999,0.00721620863857485,0.07297363281250001,-95.577966
13,118.81716019999999,31.89250179999999,0.00721620863857485,0.07297363281250001,-95.577966
14,118.81716019999999,31.89250179999999,0.00721620863857485,0.07297363281250001,-95.577966
15,118.81716019999999,31.89250179999999,0.00721620863857485,0.07297363281250001,-95.577966
16,118.81716019999999,31.89250179999999,0.00721620863857485,0.07297363281250001,-95.577966
17,118.81716019999999,31.89250179999999,0.00721620863857485,0.07895507812500001,-95.577966
18,118.81716019999999,31.89250179999999,0.00721620863857485,0.07895507812500001,-95.577966
19,118.81716019999999,31.89250179999999,0.00721620863857485,0.07895507812500001,-95.577966
20,118.81716019999999,31.89250179999999,0.00721620863857485,0.07895507812500001,-95.577966
21,118.81716019999999,31.89250179999999,0.00721620863857485,0.07895507812500001,-95.577966
22,118.81716019999999,31.89250179999999,0.00721620863857485,0.07895507812500001,-95.577966
23,118.81716019999999,31.89250179999999,0.00721620863857485,0.07895507812500001,-95.577966
24,118.81716019999999,31.89250179999999,0.00721620863857485,0.07895507812500001,-95.577966
25,118.81716019999999,31.89250179999999,0.00721620863857485,0.0765625,-95.577966
26,118.81716019999999,31.89250179999999,0.00721620863857485,0.0765625,-95.577966
27,118.81716019999999,31.89250179999999,0.00721620863857485,0.0765625,-95.577966
28,118.81716019999999,31.89250179999999,0.00721620863857485,0.0765625,-95.577966
29,118.81716019999999,31.89250179999999,0.00721620863857485,0.0765625,-95.577966
30,118.81716019999999,31.89250179999999,0.00721620863857485,0.0765625,-95.577966
31,118.81716019999999,31.89250179999999,0.00721620863857485,0.0765625,-95.577966
32,118.81716019999999,31.89250179999999,0.00721620863857485,0.0765625,-95.577966
33,118.81716019999999,31.89250179999999,0.00721620863857485,0.07536621093750001,-95.577966
34,118.81716019999999,31.89250179999999,0.00721620863857485,0.07536621093750001,-95.577966
35,118.81716019999999,31.89250179999999,0.00721620863857485,0.07536621093750001,-95.577966
36,118.81716019999999,31.89250179999999,0.00721620863857485,0.07536621093750001,-95.577966
37,118.81716019999999,31.89250179999999,0.00721620863857485,0.07536621093750001,-95.577966
38,118.81716019999999,31.89250179999999,0.00721620863857485,0.07536621093750001,-95.577966
39,118.81716019999999,31.89250179999999,0.00721620863857485,0.07536621093750001,-95.577966
40,118.81716019999999,31.89250179999999,0.00721620863857485,0.07536621093750001,-95.577966
41,118.81716019999999,31.89250179999999,0.00721620863857485,0.06340332031250001,-95.577966
42,118.81716019999999,31.89250179999999,0.00721620863857485,0.06340332031250001,-95.577966
43,118.81716019999999,31.89250179999999,0.00721620863857485,0.06340332031250001,-95.577966
44,118.81716019999999,31.89250179999999,0.00721620863857485,0.06340332031250001,-95.577966
45,118.81716019999999,31.89250179999999,0.00721620863857485,0.06340332031250001,-95.577966
46,118.81716019999999,31.89250179999999,0.00721620863857485,0.06340332031250001,-95.577966
47,118.81716019999999,31.89250179999999,0.00721620863857485,0.06340332031250001,-95.577966
48,118.81716019999999,31.89250179999999,0.00721620863857485,0.06340332031250001,-95.577966
49,118.81716019999999,31.89250179999999,0.00721620863857485,0.05981445312500001,-95.577966
50,118.81716019999999,31.89250179999999,0.00721620863857485,0.05981445312500001,-95.577966
51,118.81716019999999,31.89250179999999,0.00721620863857485,0.05981445312500001,-95.577966
52,118.81716019999999,31.89250179999999,0.00721620863857485,0.05981445312500001,-95.577966
53,118.81716019999999,31.89250179999999,0.00721620863857485,0.05981445312500001,-95.577966
54,118.81716019999999,31.89250179999999,0.00721620863857485,0.05981445312500001,-95.577966
55,118.81716019999999,31.89250179999999,0.00721620863857485,0.05981445312500001,-95.577966
56,118.81716019999999,31.89250179999999,0.00721620863857485,0.05981445312500001,-95.577966
57,118.81716019999999,31.89250179999999,0.00721620863857485,0.06220703125,-95.577966
58,118.81716019999999,31.89250179999999,0.00721620863857485,0.06220703125,-95.577966
59,118.81716019999999,31.89250179999999,0.00721620863857485,0.06220703125,-95.577966
60,118.81716019999999,31.89250179999999,0.00721620863857485,0.06220703125,-95.577966
61,118.81716019999999,31.89250179999999,0.00721620863857485,0.06220703125,-95.577966
62,118.81716019999999,31.89250179999999,0.00721620863857485,0.06220703125,-95.577966
63,118.81716019999999,31.89250179999999,0.00721620863857485,0.06220703125,-95.577966
64,118.81716019999999,31.89250179999999,0.00721620863857485,0.06220703125,-95.577966
65,118.81716019999999,31.89250179999999,0.00721620863857485,0.06699218750000001,-95.577966
66,118.81716019999999,31.89250179999999,0.00721620863857485,0.06699218750000001,-95.577966
67,118.81716019999999,31.89250179999999,0.00721620863857485,0.06699218750000001,-95.577966
68,118.81716019999999,31.89250179999999,0.00721620863857485,0.06699218750000001,-95.577966
69,118.81716019999999,31.89250179999999,0.00721620863857485,0.06699218750000001,-95.577966
70,118.81716019999999,31.89250179999999,0.00721620863857485,0.06699218750000001,-95.577966
71,118.81716019999999,31.89250179999999,0.00721620863857485,0.06699218750000001,-95.577966
72,118.81716019999999,31.89250179999999,0.00721620863857485,0.06699218750000001,-95.577966
73,118.81716019999999,31.89250179999999,0.00721620863857485,0.06938476562500001,-95.577966
74,118.81716019999999,31.89250179999999,0.00721620863857485,0.06938476562500001,-95.577966
75,118.81716019999999,31.89250179999999,0.00721620863857485,0.06938476562500001,-95.577966
76,118.81716019999999,31.89250179999999,0.00721620863857485,0.06938476562500001,-95.577966
77,118.81716019999999,31.89250179999999,0.00721620863857485,0.06938476562500001,-95.577966
78,118.81716019999999,31.89250179999999,0.00721620863857485,0.06938476562500001,-95.577966
79,118.81716019999999,31.89250179999999,0.00721620863857485,0.06938476562500001,-95.577966
80,118.81716019999999,31.89250179999999,0.00721620863857485,0.06938476562500001,-95.577966
81,118.81716019999999,31.89250179999999,0.00721620863857485,0.0681884765625,-95.577966
82,118.81716019999999,31.89250179999999,0.00721620863857485,0.0681884765625,-95.577966
83,118.81716019999999,31.89250179999999,0.00721620863857485,0.0681884765625,-95.577966
84,118.81716019999999,31.89250179999999,0.00721620863857485,0.0681884765625,-95.577966
85,118.81716019999999,31.89250179999999,0.00721620863857485,0.0681884765625,-95.577966
86,118.81716019999999,31.89250179999999,0.00721620863857485,0.0681884765625,-95.577966
87,118.81716019999999,31.89250179999999,0.00721620863857485,0.0681884765625,-95.577966
88,118.81716019999999,31.89250179999999,0.00721620863857485,0.0681884765625,-95.577966
89,118.81716019999999,31.89250179999999,0.00721620863857485,0.0705810546875,-95.577966
90,118.81716019999999,31.89250179999999,0.00721620863857485,0.0705810546875,-95.577966
91,118.81716019999999,31.89250179999999,0.00721620863857485,0.0705810546875,-95.577966
92,118.81716019999999,31.89250179999999,0.00721620863857485,0.0705810546875,-95.577966
93,118.81716019999999,31.89250179999999,0.00721620863857485,0.0705810546875,-95.577966
94,118.81716019999999,31.89250179999999,0.00721620863857485,0.0705810546875,-95.577966
95,118.81716019999999,31.89250179999999,0.00721620863857485,0.0705810546875,-95.577966
96,118.81716019999999,31.89250179999999,0.00721620863857485,0.0705810546875,-95.577966
97,118.81716019999999,31.89250179999999,0.00721620863857485,0.06699218750000001,-95.577966
98,118.81716019999999,31.89250179999999,0.00721620863857485,0.06699218750000001,-95.577966
99,118.81716019999999,31.89250179999999,0.00721620863857485,0.06699218750000001,-95.577966
100,118.81716019999999,31.89250179999999,0.00721620863857485,0.06699218750000001,-95.577966
101,118.81716019999999,31.89250179999999,0.00721620863857485,0.06699218750000001,-95.577966
102,118.81716019999999,31.89250179999999,0.00721620863857485,0.06699218750000001,-95.577966
103,118.81716019999999,31.89250179999999,0.00721620863857485,0.06699218750000001,-95.577966
104,118.81716019999999,31.89250179999999,0.00721620863857485,0.06699218750000001,-95.577966
105,118.81716019999999,31.89250179999999,0.00721620863857485,0.06220703125,-95.577966
106,118.81716019999999,31.89250179999999,0.00721620863857485,0.06220703125,-95.577966
107,118.81716019999999,31.89250179999999,0.00721620863857485,0.06220703125,-95.577966
108,118.81716019999999,31.89250179999999,0.00721620863857485,0.06220703125,-95.577966
109,118.81716019999999,31.89250179999999,0.00721620863857485,0.06220703125,-95.577966
110,118.81716019999999,31.89250179999999,0.00721620863857485,0.06220703125,-95.577966
111,118.81716019999999,31.89250179999999,0.00721620863857485,0.06220703125,-95.577966
112,118.81716019999999,31.89250179999999,0.00721620863857485,0.06220703125,-95.577966
113,118.81716019999999,31.89250179999999,0.00721620863857485,0.07536621093750001,-95.577966
114,118.81716019999999,31.89250179999999,0.00721620863857485,0.07536621093750001,-95.577966
115,118.81716019999999,31.89250179999999,0.00721620863857485,0.07536621093750001,-95.588952
116,118.81716019999999,31.89250179999999,0.00721620863857485,0.07536621093750001,-95.588952
117,118.81716019999999,31.89250179999999,0.00721620863857485,0.07536621093750001,-95.588952
118,118.81716019999999,31.89250179999999,0.00721620863857485,0.07536621093750001,-95.588952
119,118.81716019999999,31.89250179999999,0.00721620863857485,0.07536621093750001,-95.588952
120,118.81716019999999,31.89250179999999,0.00721620863857485,0.07536621093750001,-95.588952
121,118.81716019999999,31.89250179999999,0.00721620863857485,0.0777587890625,-95.588952
122,118.81716019999999,31.89250179999999,0.00721620863857485,0.0777587890625,-95.588952
123,118.81716019999999,31.89250179999999,0.00721620863857485,0.0777587890625,-95.588952
124,118.81716019999999,31.89250179999999,0.00721620863857485,0.0777587890625,-95.588952
125,118.81716019999999,31.89250179999999,0.00721620863857485,0.0777587890625,-95.588952
126,118.81716019999999,31.89250179999999,0.00721620863857485,0.0777587890625,-95.588952
127,118.81716019999999,31.89250179999999,0.00721620863857485,0.0777587890625,-95.588952
128,118.81716019999999,31.89250179999999,0.00721620863857485,0.0777587890625,-95.588952
129,118.81716019999999,31.89250179999999,0.00721620863857485,0.0777587890625,-95.588952
130,118.81716019999999,31.89250179999999,0.00721620863857485,0.0777587890625,-95.588952
131,118.81716019999999,31.89250179999999,0.00721620863857485,0.0777587890625,-95.588952
132,118.81716019999999,31.89250179999999,0.00721620863857485,0.0777587890625,-95.588952
133,118.81716019999999,31.89250179999999,0.00721620863857485,0.0777587890625,-95.588952
134,118.81716019999999,31.89250179999999,0.00721620863857485,0.0777587890625,-95.588952
135,118.81716019999999,31.89250179999999,0.00721620863857485,0.0777587890625,-95.588952
136,118.81716019999999,31.89250179999999,0.00721620863857485,0.0777587890625,-95.588952
137,118.81716019999999,31.89250179999999,0.00721620863857485,0.074169921875,-95.588952
138,118.81716019999999,31.89250179999999,0.00721620863857485,0.074169921875,-95.588952
139,118.81716019999999,31.89250179999999,0.00721620863857485,0.074169921875,-95.588952
140,118.81716019999999,31.89250179999999,0.00721620863857485,0.074169921875,-95.588952
141,118.81716019999999,31.89250179999999,0.00721620863857485,0.074169921875,-95.588952
142,118.81716019999999,31.89250179999999,0.00721620863857485,0.074169921875,-95.588952
143,118.81716019999999,31.89250179999999,0.00721620863857485,0.074169921875,-95.588952
144,118.81716019999999,31.89250179999999,0.00721620863857485,0.074169921875,-95.588952
145,118.81716019999999,31.89250179999999,0.00721620863857485,0.074169921875,-95.588952
146,118.81716019999999,31.89250179999999,0.00721620863857485,0.074169921875,-95.588952
147,118.81716019999999,31.89250179999999,0.00721620863857485,0.074169921875,-95.588952
148,118.81716019999999,31.89250179999999,0.00721620863857485,0.074169921875,-95.588952
149,118.81716019999999,31.89250179999999,0.00721620863857485,0.074169921875,-95.588952
150,118.81716019999999,31.89250179999999,0.00721620863857485,0.074169921875,-95.588952
151,118.81716019999999,31.89250179999999,0.00721620863857485,0.074169921875,-95.588952
152,118.81716019999999,31.89250179999999,0.00721620863857485,0.074169921875,-95.588952
153,118.81716019999999,31.89250179999999,0.00721620863857485,0.07895507812500001,-95.588952
154,118.81716019999999,31.89250179999999,0.00721620863857485,0.07895507812500001,-95.588952
155,118.81716019999999,31.89250179999999,0.00721620863857485,0.07895507812500001,-95.588952
156,118.81716019999999,31.89250179999999,0.00721620863857485,0.07895507812500001,-95.588952
157,118.81716019999999,31.89250179999999,0.00721620863857485,0.07895507812500001,-95.588952
158,118.81716019999999,31.89250179999999,0.00721620863857485,0.07895507812500001,-95.588952
159,118.81716019999999,31.89250179999999,0.00721620863857485,0.07895507812500001,-95.588952
160,118.81716019999999,31.89250179999999,0.00721620863857485,0.07895507812500001,-95.588952
161,118.81716019999999,31.89250179999999,0.00721620863857485,0.064599609375,-95.588952
162,118.81716019999999,31.89250179999999,0.00721620863857485,0.064599609375,-95.588952
163,118.81716019999999,31.89250179999999,0.00721620863857485,0.064599609375,-95.588952
164,118.81716019999999,31.89250179999999,0.00721620863857485,0.064599609375,-95.588952
165,118.81716019999999,31.89250179999999,0.00721620863857485,0.064599609375,-95.588952
166,118.81716019999999,31.89250179999999,0.00721620863857485,0.064599609375,-95.588952
167,118.81716019999999,31.89250179999999,0.00721620863857485,0.064599609375,-95.588952
168,118.81716019999999,31.89250179999999,0.00721620863857485,0.064599609375,-95.588952
169,118.81716019999999,31.89250179999999,0.00721620863857485,0.0705810546875,-95.588952
170,118.81716019999999,31.89250179999999,0.00721620863857485,0.0705810546875,-95.588952
171,118.81716019999999,31.89250179999999,0.00721620863857485,0.0705810546875,-95.588952
172,118.81716019999999,31.89250179999999,0.00721620863857485,0.0705810546875,-95.588952
173,118.81716019999999,31.89250179999999,0.00721620863857485,0.0705810546875,-95.588952
174,118.81716019999999,31.89250179999999,0.00721620863857485,0.0705810546875,-95.588952
175,118.81716019999999,31.89250179999999,0.00721620863857485,0.0705810546875,-95.588952
176,118.81716019999999,31.89250179999999,0.00721620863857485,0.0705810546875,-95.588952
177,118.81716019999999,31.89250179999999,0.00721620863857485,0.07536621093750001,-95.588952
178,118.81716019999999,31.89250179999999,0.00721620863857485,0.07536621093750001,-95.588952
179,118.81716019999999,31.89250179999999,0.00721620863857485,0.07536621093750001,-95.588952
180,118.81716019999999,31.89250179999999,0.00721620863857485,0.07536621093750001,-95.588952
181,118.81716019999999,31.89250179999999,0.00721620863857485,0.07536621093750001,-95.588952
182,118.81716019999999,31.89250179999999,0.00721620863857485,0.07536621093750001,-95.588952
183,118.81716019999999,31.89250179999999,0.00721620863857485,0.07536621093750001,-95.588952
184,118.81716019999999,31.89250179999999,0.00721620863857485,0.07536621093750001,-95.588952
185,118.81716019999999,31.89250179999999,0.00721620863857485,0.08134765625000001,-95.588952
186,118.81716019999999,31.89250179999999,0.00721620863857485,0.08134765625000001,-95.588952
187,118.81716019999999,31.89250179999999,0.00721620863857485,0.08134765625000001,-95.588952
188,118.81716019999999,31.89250179999999,0.00721620863857485,0.08134765625000001,-95.588952
189,118.81716019999999,31.89250179999999,0.00721620863857485,0.08134765625000001,-95.588952
190,118.81716019999999,31.89250179999999,0.00721620863857485,0.08134765625000001,-95.588952
191,118.81716019999999,31.89250179999999,0.00721620863857485,0.08134765625000001,-95.588952
192,118.81716019999999,31.89250179999999,0.00721620863857485,0.08134765625000001,-95.588952
193,118.81716019999999,31.89250179999999,0.00721620863857485,0.083740234375,-95.588952
194,118.81716019999999,31.89250179999999,0.00721620863857485,0.083740234375,-95.588952
195,118.81716019999999,31.89250179999999,0.00721620863857485,0.083740234375,-95.588952
196,118.81716019999999,31.89250179999999,0.00721620863857485,0.083740234375,-95.588952
197,118.81716019999999,31.89250179999999,0.00721620863857485,0.083740234375,-95.588952
198,118.81716019999999,31.89250179999999,0.00721620863857485,0.083740234375,-95.588952
199,118.81716019999999,31.89250179999999,0.00721620863857485,0.083740234375,-95.588952
200,118.81716019999999,31.89250179999999,0.00721620863857485,0.083740234375,-95.588952
201,118.81716019999999,31.89250179999999,0.00721620863857485,0.0765625,-95.588952
202,118.81716019999999,31.89250179999999,0.00721620863857485,0.0765625,-95.588952
203,118.81716019999999,31.89250179999999,0.00721620863857485,0.0765625,-95.588952
204,118.81716019999999,31.89250179999999,0.00721620863857485,0.0765625,-95.588952
205,118.81716019999999,31.89250179999999,0.00721620863857485,0.0765625,-95.588952
206,118.81716019999999,31.89250179999999,0.00721620863857485,0.0765625,-95.588952
207,118.81716019999999,31.89250179999999,0.00721620863857485,0.0765625,-95.588952
208,118.81716019999999,31.89250179999999,0.00721620863857485,0.0765625,-95.588952
209,118.81716019999999,31.89250179999999,0.00721620863857485,0.06699218750000001,-95.588952
210,118.81716019999999,31.89250179999999,0.00721620863857485,0.06699218750000001,-95.588952
211,118.81716019999999,31.89250179999999,0.00721620863857485,0.06699218750000001,-95.588952
212,118.81716019999999,31.89250179999999,0.00721620863857485,0.06699218750000001,-95.588952
213,118.81716019999999,31.89250179999999,0.00721620863857485,0.06699218750000001,-95.588952
214,118.81716019999999,31.89250179999999,0.00721620863857485,0.06699218750000001,-95.588952
215,118.81716019999999,31.89250179999999,0.00721620863857485,0.06699218750000001,-95.588952
216,118.81716019999999,31.89250179999999,0.00721620863857485,0.06699218750000001,-95.588952
217,118.81716019999999,31.89250179999999,0.00721620863857485,0.06938476562500001,-95.588952
218,118.81716019999999,31.89250179999999,0.00721620863857485,0.06938476562500001,-95.588952
219,118.81716019999999,31.89250179999999,0.00721620863857485,0.06938476562500001,-95.588952
220,118.81716019999999,31.89250179999999,0.00721620863857485,0.06938476562500001,-95.588952
221,118.81716019999999,31.89250179999999,0.00721620863857485,0.06938476562500001,-95.588952
222,118.81716019999999,31.89250179999999,0.00721620863857485,0.06938476562500001,-95.588952
223,118.81716019999999,31.89250179999999,0.00721620863857485,0.06938476562500001,-95.588952
224,118.81716019999999,31.89250179999999,0.00721620863857485,0.06938476562500001,-95.588952
225,118.81716019999999,31.89250179999999,0.00721620863857485,0.0705810546875,-95.588952
226,118.81716019999999,31.89250179999999,0.00721620863857485,0.0705810546875,-95.588952
227,118.81716019999999,31.89250179999999,0.00721620863857485,0.0705810546875,-95.588952
228,118.81716019999999,31.89250179999999,0.00721620863857485,0.0705810546875,-95.588952
229,118.81716019999999,31.89250179999999,0.00721620863857485,0.0705810546875,-95.588952
230,118.81716019999999,31.89250179999999,0.00721620863857485,0.0705810546875,-95.588952
231,118.81716019999999,31.89250179999999,0.00721620863857485,0.0705810546875,-95.588952
232,118.81716019999999,31.89250179999999,0.00721620863857485,0.0705810546875,-95.588952
233,118.81716019999999,31.89250179999999,0.00721620863857485,0.0681884765625,-95.588952
234,118.81716019999999,31.89250179999999,0.00721620863857485,0.0681884765625,-95.588952
235,118.81716019999999,31.89250179999999,0.00721620863857485,0.0681884765625,-95.588952
236,118.81716019999999,31.89250179999999,0.00721620863857485,0.0681884765625,-95.588952
237,118.81716019999999,31.89250179999999,0.00721620863857485,0.0681884765625,-95.588952
238,118.81716019999999,31.89250179999999,0.00721620863857485,0.0681884765625,-95.588952
239,118.81716019999999,31.89250179999999,0.00721620863857485,0.0681884765625,-95.588952
240,118.81716019999999,31.89250179999999,0.00721620863857485,0.0681884765625,-95.588952
241,118.81716019999999,31.89250179999999,0.00721620863857485,0.07177734375,-95.588952
242,118.81716019999999,31.89250179999999,0.00721620863857485,0.07177734375,-95.588952
243,118.81716019999999,31.89250179999999,0.00721620863857485,0.07177734375,-95.588952
244,118.81716019999999,31.89250179999999,0.00721620863857485,0.07177734375,-95.588952
245,118.81716019999999,31.89250179999999,0.00721620863857485,0.07177734375,-95.588952
246,118.81716019999999,31.89250179999999,0.00721620863857485,0.07177734375,-95.588952
247,118.81716019999999,31.89250179999999,0.00721620863857485,0.07177734375,-95.588952
248,118.81716019999999,31.89250179999999,0.00721620863857485,0.07177734375,-95.588952
249,118.81716019999999,31.89250179999999,0.00721620863857485,0.07177734375,-95.588952
250,118.81716019999999,31.89250179999999,0.00721620863857485,0.07177734375,-95.588952
251,118.81716019999999,31.89250179999999,0.00721620863857485,0.07177734375,-95.588952
252,118.81716019999999,31.89250179999999,0.00721620863857485,0.07177734375,-95.588952
253,118.81716019999999,31.89250179999999,0.00721620863857485,0.07177734375,-95.588952
254,118.81716019999999,31.89250179999999,0.00721620863857485,0.07177734375,-95.588952
255,118.81716019999999,31.89250179999999,0.00721620863857485,0.07177734375,-95.588952
256,118.81716019999999,31.89250179999999,0.00721620863857485,0.07177734375,-95.588952
257,118.81716019999999,31.89250179999999,0.00721620863857485,0.06938476562500001,-95.588952
258,118.81716019999999,31.89250179999999,0.00721620863857485,0.06938476562500001,-95.588952
259,118.81716019999999,31.89250179999999,0.00721620863857485,0.06938476562500001,-95.588952
260,118.81716019999999,31.89250179999999,0.00721620863857485,0.06938476562500001,-95.588952
261,118.81716019999999,31.89250179999999,0.00721620863857485,0.06938476562500001,-95.588952
262,118.81716019999999,31.89250179999999,0.00721620863857485,0.06938476562500001,-95.588952
263,118.81716019999999,31.89250179999999,0.00721620863857485,0.06938476562500001,-95.588952
264,118.81716019999999,31.89250179999999,0.00721620863857485,0.06938476562500001,-95.588952
265,118.81716019999999,31.89250179999999,0.00721620863857485,0.07297363281250001,-95.588952
266,118.81716019999999,31.89250179999999,0.00721620863857485,0.07297363281250001,-95.588952
267,118.81716019999999,31.89250179999999,0.00721620863857485,0.07297363281250001,-95.588952
268,118.81716019999999,31.89250179999999,0.00721620863857485,0.07297363281250001,-95.588952
269,118.81716019999999,31.89250179999999,0.00721620863857485,0.07297363281250001,-95.588952
270,118.81716019999999,31.89250179999999,0.00721620863857485,0.07297363281250001,-95.588952
271,118.81716019999999,31.89250179999999,0.00721620863857485,0.07297363281250001,-95.588952
272,118.81716019999999,31.89250179999999,0.00721620863857485,0.07297363281250001,-95.588952
273,118.81716019999999,31.89250179999999,0.00721620863857485,0.07177734375,-95.588952
274,118.81716019999999,31.89250179999999,0.00721620863857485,0.07177734375,-95.588952
275,118.81716019999999,31.89250179999999,0.00721620863857485,0.07177734375,-95.588952
276,118.81716019999999,31.89250179999999,0.00721620863857485,0.07177734375,-95.588952
277,118.81716019999999,31.89250179999999,0.00721620863857485,0.07177734375,-95.588952
278,118.81716019999999,31.89250179999999,0.00721620863857485,0.07177734375,-95.588952
279,118.81716019999999,31.89250179999999,0.00721620863857485,0.07177734375,-95.588952
280,118.81716019999999,31.89250179999999,0.00721620863857485,0.07177734375,-95.588952
281,118.81716019999999,31.89250179999999,0.00721620863857485,0.0825439453125,-95.588952
282,118.81716019999999,31.89250179999999,0.00721620863857485,0.0825439453125,-95.588952
283,118.81716019999999,31.89250179999999,0.00721620863857485,0.0825439453125,-95.588952
284,118.81716019999999,31.89250179999999,0.00721620863857485,0.0825439453125,-95.588952
285,118.81716019999999,31.89250179999999,0.00721620863857485,0.0825439453125,-95.588952
286,118.81716019999999,31.89250179999999,0.00721620863857485,0.0825439453125,-95.588952
287,118.81716019999999,31.89250179999999,0.00721620863857485,0.0825439453125,-95.588952
288,118.81716019999999,31.89250179999999,0.00721620863857485,0.0825439453125,-95.588952
289,118.81716019999999,31.89250179999999,0.00721620863857485,0.074169921875,-95.588952
290,118.81716019999999,31.89250179999999,0.00721620863857485,0.074169921875,-95.588952
291,118.81716019999999,31.89250179999999,0.00721620863857485,0.074169921875,-95.588952
292,118.81716019999999,31.89250179999999,0.00721620863857485,0.074169921875,-95.588952
293,118.81716019999999,31.89250179999999,0.00721620863857485,0.074169921875,-95.588952
294,118.81716019999999,31.89250179999999,0.00721620863857485,0.074169921875,-95.588952
295,118.81716019999999,31.89250179999999,0.00721620863857485,0.074169921875,-95.588952
296,118.81716019999999,31.89250179999999,0.00721620863857485,0.074169921875,-95.588952
297,118.81716019999999,31.89250179999999,0.00721620863857485,0.06340332031250001,-95.588952
298,118.81716019999999,31.89250179999999,0.00721620863857485,0.06340332031250001,-95.588952
299,118.81716019999999,31.89250179999999,0.00721620863857485,0.06340332031250001,-95.588952
300,118.81716019999999,31.89250179999999,0.00721620863857485,0.06340332031250001,-95.588952
301,118.81716019999999,31.89250179999999,0.00721620863857485,0.06340332031250001,-95.588952
302,118.81716019999999,31.89250179999999,0.00721620863857485,0.06340332031250001,-95.588952
303,118.81716019999999,31.89250179999999,0.00721620863857485,0.06340332031250001,-95.588952
304,118.81716019999999,31.89250179999999,0.00721620863857485,0.06340332031250001,-95.588952
305,118.81716019999999,31.89250179999999,0.00721620863857485,0.0681884765625,-95.588952
306,118.81716019999999,31.89250179999999,0.00721620863857485,0.0681884765625,-95.588952
307,118.81716019999999,31.89250179999999,0.00721620863857485,0.0681884765625,-95.588952
308,118.81716019999999,31.89250179999999,0.00721620863857485,0.0681884765625,-95.588952
309,118.81716019999999,31.89250179999999,0.00721620863857485,0.0681884765625,-95.588952
310,118.81716019999999,31.89250179999999,0.00721620863857485,0.0681884765625,-95.588952
311,118.81716019999999,31.89250179999999,0.00721620863857485,0.0681884765625,-95.588952
312,118.81716019999999,31.89250179999999,0.00721620863857485,0.0681884765625,-95.588952
313,118.81716019999999,31.89250179999999,0.00721620863857485,0.06699218750000001,-95.588952
314,118.81716019999999,31.89250179999999,0.00721620863857485,0.06699218750000001,-95.588952
315,118.81716019999999,31.89250179999999,0.00721620863857485,0.06699218750000001,-95.588952
316,118.81716019999999,31.89250179999999,0.00721620863857485,0.06699218750000001,-95.588952
317,118.81716019999999,31.89250179999999,0.00721620863857485,0.06699218750000001,-95.588952
318,118.81716019999999,31.89250179999999,0.00721620863857485,0.06699218750000001,-95.588952
319,118.81716019999999,31.89250179999999,0.00721620863857485,0.06699218750000001,-95.588952
320,118.81716019999999,31.89250179999999,0.00721620863857485,0.06699218750000001,-95.588952
321,118.81716019999999,31.89250179999999,0.00721620863857485,0.06220703125,-95.588952
322,118.81716019999999,31.89250179999999,0.00721620863857485,0.06220703125,-95.588952
323,118.81716019999999,31.89250179999999,0.00721620863857485,0.06220703125,-95.588952
324,118.81716019999999,31.89250179999999,0.00721620863857485,0.06220703125,-95.588952
325,118.81716019999999,31.89250179999999,0.00721620863857485,0.06220703125,-95.588952
326,118.81716019999999,31.89250179999999,0.00721620863857485,0.06220703125,-95.588952
327,118.81716019999999,31.89250179999999,0.00721620863857485,0.06220703125,-95.588952
328,118.81716019999999,31.89250179999999,0.00721620863857485,0.06220703125,-95.588952
329,118.81716019999999,31.89250179999999,0.00721620863857485,0.0657958984375,-95.588952
330,118.81716019999999,31.89250179999999,0.00721620863857485,0.0657958984375,-95.588952
331,118.81716019999999,31.89250179999999,0.00721620863857485,0.0657958984375,-95.588952
332,118.81716019999999,31.89250179999999,0.00721620863857485,0.0657958984375,-95.588952
333,118.81716019999999,31.89250179999999,0.00721620863857485,0.0657958984375,-95.588952
334,118.81716019999999,31.89250179999999,0.00721620863857485,0.0657958984375,-95.588952
335,118.81716019999999,31.89250179999999,0.00721620863857485,0.0657958984375,-95.588952
336,118.81716019999999,31.89250179999999,0.00721620863857485,0.0657958984375,-95.588952
337,118.81716019999999,31.89250179999999,0.00721620863857485,0.0765625,-95.588952
338,118.81716019999999,31.89250179999999,0.00721620863857485,0.0765625,-95.588952
339,118.81716019999999,31.89250179999999,0.00721620863857485,0.0765625,-95.588952
340,118.81716019999999,31.89250179999999,0.00721620863857485,0.0765625,-95.588952
341,118.81716019999999,31.89250179999999,0.00721620863857485,0.0765625,-95.588952
342,118.81716019999999,31.89250179999999,0.00721620863857485,0.0765625,-95.588952
343,118.81716019999999,31.89250179999999,0.00721620863857485,0.0765625,-95.588952
344,118.81716019999999,31.89250179999999,0.00721620863857485,0.0765625,-95.588952
345,118.81716019999999,31.89250179999999,0.00721620863857485,0.0562255859375,-95.588952
346,118.81716019999999,31.89250179999999,0.00721620863857485,0.0562255859375,-95.588952
347,118.81716019999999,31.89250179999999,0.00721620863857485,0.0562255859375,-95.588952
348,118.81716019999999,31.89250179999999,0.00721620863857485,0.0562255859375,-95.588952
349,118.81716019999999,31.89250179999999,0.00721620863857485,0.0562255859375,-95.588952
350,118.81716019999999,31.89250179999999,0.00721620863857485,0.0562255859375,-95.588952
351,118.81716019999999,31.89250179999999,0.00721620863857485,0.0562255859375,-95.588952
352,118.81716019999999,31.89250179999999,0.00721620863857485,0.0562255859375,-95.588952
353,118.81716019999999,31.89250179999999,0.00721620863857485,0.058618164062500006,-95.588952
354,118.81716019999999,31.89250179999999,0.00721620863857485,0.058618164062500006,-95.588952
355,118.81716019999999,31.89250179999999,0.00721620863857485,0.058618164062500006,-95.588952
356,118.81716019999999,31.89250179999999,0.00721620863857485,0.058618164062500006,-95.588952
357,118.81716019999999,31.89250179999999,0.00721620863857485,0.058618164062500006,-95.588952
358,118.81716019999999,31.89250179999999,0.00721620863857485,0.058618164062500006,-95.588952
359,118.81716019999999,31.89250179999999,0.00721620863857485,0.058618164062500006,-95.588952
360,118.81716019999999,31.89250179999999,0.00721620863857485,0.058618164062500006,-95.588952
361,118.81716019999999,31.89250179999999,0.00721620863857485,0.05981445312500001,-95.588952
362,118.81716019999999,31.89250179999999,0.00721620863857485,0.05981445312500001,-95.588952
363,118.81716019999999,31.89250179999999,0.00721620863857485,0.05981445312500001,-95.588952
364,118.81716019999999,31.89250179999999,0.00721620863857485,0.05981445312500001,-95.588952
365,118.81716019999999,31.89250179999999,0.00721620863857485,0.05981445312500001,-95.588952
366,118.81716019999999,31.89250179999999,0.00721620863857485,0.05981445312500001,-95.588952
367,118.81716019999999,31.89250179999999,0.00721620863857485,0.05981445312500001,-95.588952
368,118.81716019999999,31.89250179999999,0.00721620863857485,0.05981445312500001,-95.588952
369,118.81716019999999,31.89250179999999,0.00721620863857485,0.06699218750000001,-95.588952
370,118.81716019999999,31.89250179999999,0.00721620863857485,0.06699218750000001,-95.588952
371,118.81716019999999,31.89250179999999,0.00721620863857485,0.06699218750000001,-95.577966
372,118.81716019999999,31.89250179999999,0.00721620863857485,0.06699218750000001,-95.577966
373,118.81716019999999,31.89250179999999,0.00721620863857485,0.06699218750000001,-95.577966
374,118.81716019999999,31.89250179999999,0.00721620863857485,0.06699218750000001,-95.577966
375,118.81716019999999,31.89250179999999,0.00721620863857485,0.06699218750000001,-95.577966
376,118.81716019999999,31.89250179999999,0.00721620863857485,0.06699218750000001,-95.577966
377,118.81716019999999,31.89250179999999,0.00721620863857485,0.07536621093750001,-95.577966
378,118.81716019999999,31.89250179999999,0.00721620863857485,0.07536621093750001,-95.577966
379,118.81716019999999,31.89250179999999,0.00721620863857485,0.07536621093750001,-95.577966
380,118.81716019999999,31.89250179999999,0.00721620863857485,0.07536621093750001,-95.577966
381,118.81716019999999,31.89250179999999,0.00721620863857485,0.07536621093750001,-95.577966
382,118.81716019999999,31.89250179999999,0.00721620863857485,0.07536621093750001,-95.577966
383,118.81716019999999,31.89250179999999,0.00721620863857485,0.07536621093750001,-95.577966
384,118.81716019999999,31.89250179999999,0.00721620863857485,0.07536621093750001,-95.577966
385,118.81716019999999,31.89250179999999,0.00721620863857485,0.0681884765625,-95.577966
386,118.81716019999999,31.89250179999999,0.00721620863857485,0.0681884765625,-95.577966
387,118.81716019999999,31.89250179999999,0.00721620863857485,0.0681884765625,-95.577966
388,118.81716019999999,31.89250179999999,0.00721620863857485,0.0681884765625,-95.577966
389,118.81716019999999,31.89250179999999,0.00721620863857485,0.0681884765625,-95.577966
390,118.81716019999999,31.89250179999999,0.00721620863857485,0.0681884765625,-95.577966
391,118.81716019999999,31.89250179999999,0.00721620863857485,0.0681884765625,-95.577966
392,118.81716019999999,31.89250179999999,0.00721620863857485,0.0681884765625,-95.577966
393,118.81716019999999,31.89250179999999,0.00721620863857485,0.064599609375,-95.577966
394,118.81716019999999,31.89250179999999,0.00721620863857485,0.064599609375,-95.577966
395,118.81716019999999,31.89250179999999,0.00721620863857485,0.064599609375,-95.577966
396,118.81716019999999,31.89250179999999,0.00721620863857485,0.064599609375,-95.577966
397,118.81716019999999,31.89250179999999,0.00721620863857485,0.064599609375,-95.577966
398,118.81716019999999,31.89250179999999,0.00721620863857485,0.064599609375,-95.577966
399,118.81716019999999,31.89250179999999,0.00721620863857485,0.064599609375,-95.577966
400,118.81716019999999,31.89250179999999,0.00721620863857485,0.064599609375,-95.577966
401,118.81716019999999,31.89250179999999,0.00721620863857485,0.07297363281250001,-95.577966
402,118.81716019999999,31.89250179999999,0.00721620863857485,0.07297363281250001,-95.577966
403,118.81716019999999,31.89250179999999,0.00721620863857485,0.07297363281250001,-95.577966
404,118.81716019999999,31.89250179999999,0.00721620863857485,0.07297363281250001,-95.577966
405,118.81716019999999,31.89250179999999,0.00721620863857485,0.07297363281250001,-95.577966
406,118.81716019999999,31.89250179999999,0.00721620863857485,0.07297363281250001,-95.577966
407,118.81716019999999,31.89250179999999,0.00721620863857485,0.07297363281250001,-95.577966
408,118.81716019999999,31.89250179999999,0.00721620863857485,0.07297363281250001,-95.577966
409,118.81716019999999,31.89250179999999,0.00721620863857485,0.07297363281250001,-95.577966
410,118.81716019999999,31.89250179999999,0.00721620863857485,0.07297363281250001,-95.577966
411,118.81716019999999,31.89250179999999,0.00721620863857485,0.07297363281250001,-95.577966
412,118.81716019999999,31.89250179999999,0.00721620863857485,0.07297363281250001,-95.577966
413,118.81716019999999,31.89250179999999,0.00721620863857485,0.07297363281250001,-95.577966
414,118.81716019999999,31.89250179999999,0.00721620863857485,0.07297363281250001,-95.577966
415,118.81716019999999,31.89250179999999,0.00721620863857485,0.07297363281250001,-95.577966
416,118.81716019999999,31.89250179999999,0.00721620863857485,0.07297363281250001,-95.577966
417,118.81716019999999,31.89250179999999,0.00721620863857485,0.08493652343750001,-95.577966
418,118.81716019999999,31.89250179999999,0.00721620863857485,0.08493652343750001,-95.577966
419,118.81716019999999,31.89250179999999,0.00721620863857485,0.08493652343750001,-95.577966
420,118.81716019999999,31.89250179999999,0.00721620863857485,0.08493652343750001,-95.577966
421,118.81716019999999,31.89250179999999,0.00721620863857485,0.08493652343750001,-95.577966
422,118.81716019999999,31.89250179999999,0.00721620863857485,0.08493652343750001,-95.577966
423,118.81716019999999,31.89250179999999,0.00721620863857485,0.08493652343750001,-95.577966
424,118.81716019999999,31.89250179999999,0.00721620863857485,0.08493652343750001,-95.577966
425,118.81716019999999,31.89250179999999,0.00721620863857485,0.083740234375,-95.577966
426,118.81716019999999,31.89250179999999,0.00721620863857485,0.083740234375,-95.577966
427,118.81716019999999,31.89250179999999,0.00721620863857485,0.083740234375,-95.577966
428,118.81716019999999,31.89250179999999,0.00721620863857485,0.083740234375,-95.577966
429,118.81716019999999,31.89250179999999,0.00721620863857485,0.083740234375,-95.577966
430,118.81716019999999,31.89250179999999,0.00721620863857485,0.083740234375,-95.577966
431,118.81716019999999,31.89250179999999,0.00721620863857485,0.083740234375,-95.577966
432,118.81716019999999,31.89250179999999,0.00721620863857485,0.083740234375,-95.577966
433,118.81716019999999,31.89250179999999,0.00721620863857485,0.074169921875,-95.577966
434,118.81716019999999,31.89250179999999,0.00721620863857485,0.074169921875,-95.577966
435,118.81716019999999,31.89250179999999,0.00721620863857485,0.074169921875,-95.577966
436,118.81716019999999,31.89250179999999,0.00721620863857485,0.074169921875,-95.577966
437,118.81716019999999,31.89250179999999,0.00721620863857485,0.074169921875,-95.577966
438,118.81716019999999,31.89250179999999,0.00721620863857485,0.074169921875,-95.577966
439,118.81716019999999,31.89250179999999,0.00721620863857485,0.074169921875,-95.577966
440,118.81716019999999,31.89250179999999,0.00721620863857485,0.074169921875,-95.577966
441,118.81716019999999,31.89250179999999,0.00721620863857485,0.07297363281250001,-95.577966
442,118.81716019999999,31.89250179999999,0.00721620863857485,0.07297363281250001,-95.577966
443,118.81716019999999,31.89250179999999,0.00721620863857485,0.07297363281250001,-95.577966
444,118.81716019999999,31.89250179999999,0.00721620863857485,0.07297363281250001,-95.577966
445,118.81716019999999,31.89250179999999,0.00721620863857485,0.07297363281250001,-95.577966
446,118.81716019999999,31.89250179999999,0.00721620863857485,0.07297363281250001,-95.577966
447,118.81716019999999,31.89250179999999,0.00721620863857485,0.07297363281250001,-95.577966
448,118.81716019999999,31.89250179999999,0.00721620863857485,0.07297363281250001,-95.577966
449,118.81716019999999,31.89250179999999,0.00721620863857485,0.0921142578125,-95.577966
450,118.81716019999999,31.89250179999999,0.00721620863857485,0.0921142578125,-95.577966
451,118.81716019999999,31.89250179999999,0.00721620863857485,0.0921142578125,-95.577966
452,118.81716019999999,31.89250179999999,0.00721620863857485,0.0921142578125,-95.577966
453,118.81716019999999,31.89250179999999,0.00721620863857485,0.0921142578125,-95.577966
454,118.81716019999999,31.89250179999999,0.00721620863857485,0.0921142578125,-95.577966
455,118.81716019999999,31.89250179999999,0.00721620863857485,0.0921142578125,-95.577966
456,118.81716019999999,31.89250179999999,0.00721620863857485,0.0921142578125,-95.577966
457,118.81716019999999,31.89250179999999,0.00721620863857485,0.0861328125,-95.577966
458,118.81716019999999,31.89250179999999,0.00721620863857485,0.0861328125,-95.577966
459,118.81716019999999,31.89250179999999,0.00721620863857485,0.0861328125,-95.577966
460,118.81716019999999,31.89250179999999,0.00721620863857485,0.0861328125,-95.577966
461,118.81716019999999,31.89250179999999,0.00721620863857485,0.0861328125,-95.577966
462,118.81716019999999,31.89250179999999,0.00721620863857485,0.0861328125,-95.577966
463,118.81716019999999,31.89250179999999,0.00721620863857485,0.0861328125,-95.577966
464,118.81716019999999,31.89250179999999,0.00721620863857485,0.0861328125,-95.577966
465,118.81716019999999,31.89250179999999,0.00721620863857485,0.08134765625000001,-95.577966
466,118.81716019999999,31.89250179999999,0.00721620863857485,0.08134765625000001,-95.577966
467,118.81716019999999,31.89250179999999,0.00721620863857485,0.08134765625000001,-95.577966
468,118.81716019999999,31.89250179999999,0.00721620863857485,0.08134765625000001,-95.577966
469,118.81716019999999,31.89250179999999,0.00721620863857485,0.08134765625000001,-95.577966
470,118.81716019999999,31.89250179999999,0.00721620863857485,0.08134765625000001,-95.577966
471,118.81716019999999,31.89250179999999,0.00721620863857485,0.08134765625000001,-95.577966
472,118.81716019999999,31.89250179999999,0.00721620863857485,0.08134765625000001,-95.577966
473,118.81716019999999,31.89250179999999,0.00721620863857485,0.074169921875,-95.577966
474,118.81716019999999,31.89250179999999,0.00721620863857485,0.074169921875,-95.577966
475,118.81716019999999,31.89250179999999,0.00721620863857485,0.074169921875,-95.577966
476,118.81716019999999,31.89250179999999,0.00721620863857485,0.074169921875,-95.577966
477,118.81716019999999,31.89250179999999,0.00721620863857485,0.074169921875,-95.577966
478,118.81716019999999,31.89250179999999,0.00721620863857485,0.074169921875,-95.577966
479,118.81716019999999,31.89250179999999,0.00721620863857485,0.074169921875,-95.577966
480,118.81716019999999,31.89250179999999,0.00721620863857485,0.074169921875,-95.577966
481,118.81716019999999,31.89250179999999,0.00721620863857485,0.07177734375,-95.577966
482,118.81716019999999,31.89250179999999,0.00721620863857485,0.07177734375,-95.577966
483,118.81716019999999,31.89250179999999,0.00721620863857485,0.07177734375,-95.577966
484,118.81716019999999,31.89250179999999,0.00721620863857485,0.07177734375,-95.577966
485,118.81716019999999,31.89250179999999,0.00721620863857485,0.07177734375,-95.577966
486,118.81716019999999,31.89250179999999,0.00721620863857485,0.07177734375,-95.577966
487,118.81716019999999,31.89250179999999,0.00721620863857485,0.07177734375,-95.577966
488,118.81716019999999,31.89250179999999,0.00721620863857485,0.07177734375,-95.577966
489,118.81716019999999,31.89250179999999,0.00721620863857485,0.0777587890625,-95.577966
490,118.81716019999999,31.89250179999999,0.00721620863857485,0.0777587890625,-95.577966
491,118.81716019999999,31.89250179999999,0.00721620863857485,0.0777587890625,-95.577966
492,118.81716019999999,31.89250179999999,0.00721620863857485,0.0777587890625,-95.577966
493,118.81716019999999,31.89250179999999,0.00721620863857485,0.0777587890625,-95.577966
494,118.81716019999999,31.89250179999999,0.00721620863857485,0.0777587890625,-95.577966
495,118.81716019999999,31.89250179999999,0.00721620863857485,0.0777587890625,-95.577966
496,118.81716019999999,31.89250179999999,0.00721620863857485,0.0777587890625,-95.577966
497,118.81716019999999,31.89250179999999,0.00721620863857485,0.0681884765625,-95.577966
498,118.81716019999999,31.89250179999999,0.00721620863857485,0.0681884765625,-95.577966
499,118.81716019999999,31.89250179999999,0.00721620863857485,0.0681884765625,-95.577966
500,118.81716019999999,31.89250179999999,0.00721620863857485,0.0681884765625,-95.577966
501,118.81716019999999,31.89250179999999,0.00721620863857485,0.0681884765625,-95.577966
502,118.81716019999999,31.89250179999999,0.00721620863857485,0.0681884765625,-95.577966
503,118.81716019999999,31.89250179999999,0.00721620863857485,0.0681884765625,-95.577966
504,118.81716019999999,31.89250179999999,0.00721620863857485,0.0681884765625,-95.577966
505,118.81716019999999,31.89250179999999,0.00721620863857485,0.0777587890625,-95.577966
506,118.81716019999999,31.89250179999999,0.00721620863857485,0.0777587890625,-95.577966
507,118.81716019999999,31.89250179999999,0.00721620863857485,0.0777587890625,-95.577966
508,118.81716019999999,31.89250179999999,0.00721620863857485,0.0777587890625,-95.577966
509,118.81716019999999,31.89250179999999,0.00721620863857485,0.0777587890625,-95.577966
510,118.81716019999999,31.89250179999999,0.00721620863857485,0.0777587890625,-95.577966
511,118.81716019999999,31.89250179999999,0.00721620863857485,0.0777587890625,-95.577966
512,118.81716019999999,31.89250179999999,0.00721620863857485,0.0777587890625,-95.577966
513,118.81716019999999,31.89250179999999,0.00721620863857485,0.07297363281250001,-95.577966
514,118.81716019999999,31.89250179999999,0.00721620863857485,0.07297363281250001,-95.577966
515,118.81716019999999,31.89250179999999,0.00721620863857485,0.07297363281250001,-95.577966
516,118.81716019999999,31.89250179999999,0.00721620863857485,0.07297363281250001,-95.577966
517,118.81716019999999,31.89250179999999,0.00721620863857485,0.07297363281250001,-95.577966
518,118.81716019999999,31.89250179999999,0.00721620863857485,0.07297363281250001,-95.577966
519,118.81716019999999,31.89250179999999,0.00721620863857485,0.07297363281250001,-95.577966
520,118.81716019999999,31.89250179999999,0.00721620863857485,0.07297363281250001,-95.577966
521,118.81716019999999,31.89250179999999,0.00721620863857485,0.07177734375,-95.577966
522,118.81716019999999,31.89250179999999,0.00721620863857485,0.07177734375,-95.577966
523,118.81716019999999,31.89250179999999,0.00721620863857485,0.07177734375,-95.577966
524,118.81716019999999,31.89250179999999,0.00721620863857485,0.07177734375,-95.577966
525,118.81716019999999,31.89250179999999,0.00721620863857485,0.07177734375,-95.577966
526,118.81716019999999,31.89250179999999,0.00721620863857485,0.07177734375,-95.577966
527,118.81716019999999,31.89250179999999,0.00721620863857485,0.07177734375,-95.577966
528,118.81716019999999,31.89250179999999,0.00721620863857485,0.07177734375,-95.577966
529,118.81716019999999,31.89250179999999,0.00721620863857485,0.06220703125,-95.577966
530,118.81716019999999,31.89250179999999,0.00721620863857485,0.06220703125,-95.577966
531,118.81716019999999,31.89250179999999,0.00721620863857485,0.06220703125,-95.577966
532,118.81716019999999,31.89250179999999,0.00721620863857485,0.06220703125,-95.577966
533,118.81716019999999,31.89250179999999,0.00721620863857485,0.06220703125,-95.577966
534,118.81716019999999,31.89250179999999,0.00721620863857485,0.06220703125,-95.577966
535,118.81716019999999,31.89250179999999,0.00721620863857485,0.06220703125,-95.577966
536,118.81716019999999,31.89250179999999,0.00721620863857485,0.06220703125,-95.577966
537,118.81716019999999,31.89250179999999,0.00721620863857485,0.0610107421875,-95.577966
538,118.81716019999999,31.89250179999999,0.00721620863857485,0.0610107421875,-95.577966
539,118.81716019999999,31.89250179999999,0.00721620863857485,0.0610107421875,-95.577966
540,118.81716019999999,31.89250179999999,0.00721620863857485,0.0610107421875,-95.577966
541,118.81716019999999,31.89250179999999,0.00721620863857485,0.0610107421875,-95.577966
542,118.81716019999999,31.89250179999999,0.00721620863857485,0.0610107421875,-95.577966
543,118.81716019999999,31.89250179999999,0.00721620863857485,0.0610107421875,-95.577966
544,118.81716019999999,31.89250179999999,0.00721620863857485,0.0610107421875,-95.577966
545,118.81716019999999,31.89250179999999,0.00721620863857485,0.0705810546875,-95.577966
546,118.81716019999999,31.89250179999999,0.00721620863857485,0.0705810546875,-95.577966
547,118.81716019999999,31.89250179999999,0.00721620863857485,0.0705810546875,-95.577966
548,118.81716019999999,31.89250179999999,0.00721620863857485,0.0705810546875,-95.577966
549,118.81716019999999,31.89250179999999,0.00721620863857485,0.0705810546875,-95.577966
550,118.81716019999999,31.89250179999999,0.00721620863857485,0.0705810546875,-95.577966
551,118.81716019999999,31.89250179999999,0.00721620863857485,0.0705810546875,-95.577966
552,118.81716019999999,31.89250179999999,0.00721620863857485,0.0705810546875,-95.577966
553,118.81716019999999,31.89250179999999,0.00721620863857485,0.0610107421875,-95.577966
554,118.81716019999999,31.89250179999999,0.00721620863857485,0.0610107421875,-95.577966
555,118.81716019999999,31.89250179999999,0.00721620863857485,0.0610107421875,-95.577966
556,118.81716019999999,31.89250179999999,0.00721620863857485,0.0610107421875,-95.577966
557,118.81716019999999,31.89250179999999,0.00721620863857485,0.0610107421875,-95.577966
558,118.81716019999999,31.89250179999999,0.00721620863857485,0.0610107421875,-95.577966
559,118.81716019999999,31.89250179999999,0.00721620863857485,0.0610107421875,-95.577966
560,118.81716019999999,31.89250179999999,0.00721620863857485,0.0610107421875,-95.577966
561,118.81716019999999,31.89250179999999,0.00721620863857485,0.0657958984375,-95.577966
562,118.81716019999999,31.89250179999999,0.00721620863857485,0.0657958984375,-95.577966
563,118.81716019999999,31.89250179999999,0.00721620863857485,0.0657958984375,-95.577966
564,118.81716019999999,31.89250179999999,0.00721620863857485,0.0657958984375,-95.577966
565,118.81716019999999,31.89250179999999,0.00721620863857485,0.0657958984375,-95.577966
566,118.81716019999999,31.89250179999999,0.00721620863857485,0.0657958984375,-95.577966
567,118.81716019999999,31.89250179999999,0.00721620863857485,0.0657958984375,-95.577966
568,118.81716019999999,31.89250179999999,0.00721620863857485,0.0657958984375,-95.577966
569,118.81716019999999,31.89250179999999,0.00721620863857485,0.06699218750000001,-95.577966
570,118.81716019999999,31.89250179999999,0.00721620863857485,0.06699218750000001,-95.577966
571,118.81716019999999,31.89250179999999,0.00721620863857485,0.06699218750000001,-95.577966
572,118.81716019999999,31.89250179999999,0.00721620863857485,0.06699218750000001,-95.577966
573,118.81716019999999,31.89250179999999,0.00721620863857485,0.06699218750000001,-95.577966
574,118.81716019999999,31.89250179999999,0.00721620863857485,0.06699218750000001,-95.577966
575,118.81716019999999,31.89250179999999,0.00721620863857485,0.06699218750000001,-95.577966
576,118.81716019999999,31.89250179999999,0.00721620863857485,0.06699218750000001,-95.577966
577,118.81716019999999,31.89250179999999,0.00721620863857485,0.06220703125,-95.577966
578,118.81716019999999,31.89250179999999,0.00721620863857485,0.06220703125,-95.577966
579,118.81716019999999,31.89250179999999,0.00721620863857485,0.06220703125,-95.56698
580,118.81716019999999,31.89250179999999,0.00721620863857485,0.06220703125,-95.56698
581,118.81716019999999,31.89250179999999,0.00721620863857485,0.06220703125,-95.56698
582,118.81716019999999,31.89250179999999,0.00721620863857485,0.06220703125,-95.56698
583,118.81716019999999,31.89250179999999,0.00721620863857485,0.06220703125,-95.56698
584,118.81716019999999,31.89250179999999,0.00721620863857485,0.06220703125,-95.56698
585,118.81716019999999,31.89250179999999,0.00721620863857485,0.0562255859375,-95.56698
586,118.81716019999999,31.89250179999999,0.00721620863857485,0.0562255859375,-95.56698
587,118.81716019999999,31.89250179999999,0.00721620863857485,0.0562255859375,-95.56698
588,118.81716019999999,31.89250179999999,0.00721620863857485,0.0562255859375,-95.56698
589,118.81716019999999,31.89250179999999,0.00721620863857485,0.0562255859375,-95.56698
590,118.81716019999999,31.89250179999999,0.00721620863857485,0.0562255859375,-95.56698
591,118.81716019999999,31.89250179999999,0.00721620863857485,0.0562255859375,-95.56698
592,118.81716019999999,31.89250179999999,0.00721620863857485,0.0562255859375,-95.56698
593,118.81716019999999,31.89250179999999,0.00721620863857485,0.07297363281250001,-95.56698
594,118.81716019999999,31.89250179999999,0.00721620863857485,0.07297363281250001,-95.56698
595,118.81716019999999,31.89250179999999,0.00721620863857485,0.07297363281250001,-95.577966
596,118.81716019999999,31.89250179999999,0.00721620863857485,0.07297363281250001,-95.577966
597,118.81716019999999,31.89250179999999,0.00721620863857485,0.07297363281250001,-95.577966
598,118.81716019999999,31.89250179999999,0.00721620863857485,0.07297363281250001,-95.577966
599,118.81716019999999,31.89250179999999,0.00721620863857485,0.07297363281250001,-95.577966
600,118.81716019999999,31.89250179999999,0.00721620863857485,0.07297363281250001,-95.577966
601,118.81716019999999,31.89250179999999,0.00721620863857485,0.06699218750000001,-95.577966
602,118.81716019999999,31.89250179999999,0.00721620863857485,0.06699218750000001,-95.577966
603,118.81716019999999,31.89250179999999,0.00721620863857485,0.06699218750000001,-95.56698
604,118.81716019999999,31.89250179999999,0.00721620863857485,0.06699218750000001,-95.56698
605,118.81716019999999,31.89250179999999,0.00721620863857485,0.06699218750000001,-95.56698
606,118.81716019999999,31.89250179999999,0.00721620863857485,0.06699218750000001,-95.56698
607,118.81716019999999,31.89250179999999,0.00721620863857485,0.06699218750000001,-95.56698
608,118.81716019999999,31.89250179999999,0.00721620863857485,0.06699218750000001,-95.56698
609,118.81716019999999,31.89250179999999,0.00721620863857485,0.0777587890625,-95.56698
610,118.81716019999999,31.89250179999999,0.00721620863857485,0.0777587890625,-95.56698
611,118.81716019999999,31.89250179999999,0.00721620863857485,0.0777587890625,-95.577966
612,118.81716019999999,31.89250179999999,0.00721620863857485,0.0777587890625,-95.577966
613,118.81716019999999,31.89250179999999,0.00721620863857485,0.0777587890625,-95.577966
614,118.81716019999999,31.89250179999999,0.00721620863857485,0.0777587890625,-95.577966
615,118.81716019999999,31.89250179999999,0.00721620863857485,0.0777587890625,-95.577966
616,118.81716019999999,31.89250179999999,0.00721620863857485,0.0777587890625,-95.577966
617,118.81716019999999,31.89250179999999,0.00721620863857485,0.05981445312500001,-95.577966
618,118.81716019999999,31.89250179999999,0.00721620863857485,0.05981445312500001,-95.577966
619,118.81716019999999,31.89250179999999,0.00721620863857485,0.05981445312500001,-95.56698
620,118.81716019999999,31.89250179999999,0.00721620863857485,0.05981445312500001,-95.56698
621,118.81716019999999,31.89250179999999,0.00721620863857485,0.05981445312500001,-95.56698
622,118.81716019999999,31.89250179999999,0.00721620863857485,0.05981445312500001,-95.56698
623,118.81716019999999,31.89250179999999,0.00721620863857485,0.05981445312500001,-95.56698
624,118.81716019999999,31.89250179999999,0.00721620863857485,0.05981445312500001,-95.56698
625,118.81716019999999,31.89250179999999,0.00721620863857485,0.07177734375,-95.56698
626,118.81716019999999,31.89250179999999,0.00721620863857485,0.07177734375,-95.56698
627,118.81716019999999,31.89250179999999,0.00721620863857485,0.07177734375,-95.56698
628,118.81716019999999,31.89250179999999,0.00721620863857485,0.07177734375,-95.56698
629,118.81716019999999,31.89250179999999,0.00721620863857485,0.07177734375,-95.56698
630,118.81716019999999,31.89250179999999,0.00721620863857485,0.07177734375,-95.56698
631,118.81716019999999,31.89250179999999,0.00721620863857485,0.07177734375,-95.56698
632,118.81716019999999,31.89250179999999,0.00721620863857485,0.07177734375,-95.56698
633,118.81716019999999,31.89250179999999,0.00721620863857485,0.08732910156250001,-95.56698
634,118.81716019999999,31.89250179999999,0.00721620863857485,0.08732910156250001,-95.56698
635,118.81716019999999,31.89250179999999,0.00721620863857485,0.08732910156250001,-95.56698
636,118.81716019999999,31.89250179999999,0.00721620863857485,0.08732910156250001,-95.56698
637,118.81716019999999,31.89250179999999,0.00721620863857485,0.08732910156250001,-95.56698
638,118.81716019999999,31.89250179999999,0.00721620863857485,0.08732910156250001,-95.56698
